Symbol,Script
ACEDBL,"Ace Development Bank Ltd"
ACEDPO,"Ace Development Bank Limited Promoter Share"
ACLBSL,"Aarambha Chautari Laghubitta Bittiya Sanstha Limited"
ACLBSLP,"Aarambha Chautari Laghubitta Bittiya Sanstha Limited Promoter Share"
ADBL,"Agricultural Development Bank Limited"
ADBLD83,"10.35% Agricultural Bank Debenture 2083"
ADLB,"Adarsha Laghubitta Bittiya Sanstha Limited"
AEFL,"Alpic Everest Finance Co. Ltd."
AEFLPO,"Alpic Everest Finance Limited Promotor Share"
AFC,"Annunapurna Finance Company Ltd."
AFL,"Api Finance Limited"
AHL,"Asian Hydropower Limited"
AHPC,"Arun Valley Hydropower Development Co. Ltd."
AIC,"Alliance Insurance Co. Ltd."
AIL,"Ajod Insurance Limited"
AKBSL,"Adhikhola Laghubitta Bittiya Sanstha Limited"
AKBSLP,"Adhikhola Laghubitta Bittiya Sanstha Limited Promoter Share"
AKJCL,"Ankhu Khola Jalvidhyut Company Ltd"
AKPL,"Arun Kabeli Power Ltd."
ALBSL,"Asha Laghubitta Bittiya Sanstha Ltd"
ALBSLP,"Asha Laghubitta Bittiya Sanstha Ltd Promoter Share"
ALDBL,"Alpine Development Bank Limited"
ALICL,"Asian Life Insurance Co. Limited"
ALICLP,"Asian Life Insurance Co. Ltd Promoter Share"
AMFI,"Arambha Microfinance Bittiya Sanstha Ltd."
ANLB,"Aatmanirbhar Laghubitta Bittiya Sanstha Limited"
APEX,"Apex Development Bank Ltd."
API,"Api Power Company Ltd."
ARDBL,"Araniko Development Bank Limited"
ARDBLP,"Araniko Development Bank Limited Promoter Share"
AVU,"Arun Vanaspati Udhyog Limited"
AVYAN,"Aviyan Laghubitta Bittiya Sanstha Limited"
AXIS,"Axis Development Bank Limited"
BARUN,"Barun Hydropower Co. Ltd."
BBBL,"Bhrikuti Vikash Bank Limited"
BBBLN,"Bagheshwori Development Bank Limited"
BBBLNP,"Bagheshowari Development Bank Ltd. Promoter Share"
BBBLPO,"Bhrikuti Bikash Bank Limited Promoter Share"
BBC,"Bishal Bazar Company Limited"
BDBL,"Business Development Bank Limited"
BEDC,"Bhugol Energy Development Company Limited"
BFC,"Best Finance Company Ltd."
BFCL,"Bhaktapur Finance Co. Ltd."
BFCPO,"Best Finance Co. Limited Promoter Share"
BFIL,"Bhajuratna Finance & Saving Co. Ltd."
BFL,"Butwal Finance Ltd."
BFLPO,"Butwal Finance Limited Promoter Share"
BGDBL,"Bagmati Development Bank Ltd."
BGDBLP,"Bagmati Development Bank Ltd. Promoter Share"
BGWT,"Bhagawati Hydropower Development Company Limited"
BHBL,"Bhargav Bikash Bank Ltd."
BHBLPO,"Bhargav Bikash Bank Ltd. Promoter Share"
BHDC,"Bindhyabasini Hydropower Development Company Limited"
BHL,"Balephi Hydropower Limited"
BHPL,"Barahi Hydropower Public Limited"
BJFL,"Birgunj Finance Ltd."
BJM,"Biratnagar Jute Mills Limited"
BLDBL,"Biratlaxmi Bikas Bank Limited"
BLDBLP,"Biratlaxmi Development Bank Ltd. Promoter Share"
BNHC,"Buddha Bhumi Nepal Hydropower Company Limited"
BNL,"Bottlers Nepal (Balaju) Limited"
BNT,"Bottlers Nepal (Terai) Limited"
BOAN,"Bank Of Asia Nepal Limited"
BOKD86,"8.5% Bok Debenture 2086"
BOKL,"Bank Of Kathmandu Ltd."
BOKLPO,"Bank Of Kathmandu Lumbini Limited Promoter Share"
BOKPO,"Bank Of Kathmandu Limited Promoter Share"
BPCL,"Butwal Power Company Limited"
BPW,"BPW Laghubitta Bittiya Sanstha Limited"
BRTBL,"Bright Development Bank Ltd"
BSBL,"Bishwa Bikas Bank Limited"
BSBLPO,"Bishwa Bikas Bank Limited Promoter Share"
BSL,"Birat Shoe Limited"
BSM,"Butwal Spinning Mills Limited"
BUDBL,"Business Universal Development Bank Ltd."
BUDBLP,"Business Universal Development Bank Ltd. Promoter Share"
C30MF,"Citizens Super 30 Mutual Fund"
CBBL,"Chhimek Laghubitta Bittiya Sanstha Limited"
CBBLPO,"Chhimek Laghubitta Bikas Bank Limited Promoter Share"
CBL,"Civil Bank Ltd"
CBLD88,"Civil Bank Debenture 2088"
CBLPO,"Civil Bank Ltd Promoter Share"
CCBD88,"Century Debenture 2088"
CCBL,"Century Commercial Bank Ltd."
CCBLPO,"Century Commercial Bank Ltd. Promoter Share"
CDBL,"City Development Bank Limited"
CDBLPO,"City Development Bank Ltd. Promoter"
CEDBL,"Clean Energy Development Bank Limited"
CEDBLP,"Clean Energy Development Bank Ltd. Promoter Share"
CEFL,"City Express Finance Co. Limited"
CEFLPO,"City Express Finance Co. Ltd. Promoter Share"
CFCL,"Central Finance Co. Ltd."
CFCLPO,"Central Finance Co. Ltd. Promoter Share"
CFL,"Crystal Finance Ltd."
CGH,"Chandragiri Hills Limited"
CHCL,"Chilime Hydropower Company Limited"
CHDC,"CEDB Hydropower Development Company Limited"
CHL,"Chhyangdi Hydropower Ltd."
CHLBS,"Chautari Laghubitta Bittya Sanstha Ltd"
CIT,"Citizen Investment Trust"
CITY,"City Hotel Limited"
CIVIC,"Civic Development Bank Ltd"
CIZBD86,"10.25% Citizens Bank Debenture 2086"
CKHL,"Chirkhwa Hydropower Limited"
CLI,"Citizen Life Insurance Company Limited"
CMB,"Capital Merchant Bank & Finance Co. Ltd."
CMBF,"Cmb Finance Limited"
CMBFLP,"Capital Merchant Bank. & Fin. Promoter Share"
CMBFPO,"Cmb Finance Ltd. Promoter Share"
CMBSL,"Civil Merchant Bittiya Santha Ltd."
CMBSLP,"Civil Merchant Bittiya Sanstha Limited Promoter Share"
CMF1,"Citizens Mutual Fund -1"
CMF2,"Citizens Mutual Fund 2"
CNDBL,"Country Development Bank Ltd."
CNDBLP,"Country Development Bank Ltd. Promoter Share"
CORBL,"Corporate Development Bank Limited"
CSDBL,"Cosmos Development Bank Ltd."
CTBNL,"Commerz And Trust Bank Nepal Ltd."
CYCL,"Cyc Nepal Laghubitta Bittiya Sanstha Limited"
CZBIL,"Citizens Bank International Limited"
CZBILP,"Citizens Bank International Limited Promoter Share"
DBBL,"Deva Bikas Bank Limited"
DBBLPO,"Dev Bikasbank Ltd. Promoter Share"
DCBL,"Development Credit Bank Limited"
DDBL,"Deprosc Laghubitta Bittiya Sanstha Limited"
DDBLPO,"Deprosc Laghubitta Promoter Share"
DHPL,"Dibyashwori Hydropower Ltd."
DLBS,"Dhaulagiri Laghubitta Bittiya Sanstha Limited"
DOLTI,"Dolti Power Company Limited"
DORDI,"Dordi Khola Jal Bidyut Company Limited"
EBL,"Everest Bank Limited"
EBLCP,"Everest Bank Ltd (Pre)."
EBLD86,"8.5% Everest Bank Debenture"
EBLPO,"Everest Bank Ltd.Promoter"
EDBL,"Excel Development Bank Ltd."
EDBLPO,"Excel Development Bank Ltd. Promoter Share"
EFL,"Everest Finance Ltd."
EFLPO,"Everest Finance Limited Promoter Share"
EHPL,"Eastern Hydropower Limited"
EIC,"Everest Insurance Co. Ltd."
EICPO,"Everest Insurance Co. Ltd. Promoter Share"
EKBL,"Ekata Bikas Bank Ltd."
ENL,"Emerging Nepal Limited"
ESC,"National Pro. And Eco. Dev. Centre"
FBBL,"Fewa Bikas Bank Limited"
FBBLPO,"Fewa Bikas Bank Ltd. Promoter Share"
FFCL,"Fewa Finance Co. Ltd."
FFCLPO,"Fewa Finance Co. Ltd. Promoter Share"
FHL,"Fleur Himalayan Limited"
FMDBL,"First Micro Finance Laghubitta Bittiya Sanstha Limited"
FMDBLP,"First Micro Finance Development Bank Ltd. Promoter Share"
FOWAD,"Forward Microfinance Laghubitta Bittiya Sanstha Limited"
FOWADP,"Forward Community Microfinance Bittiya Sanstha Ltd Promoter Share"
GABL,"Gaumukhee Bikas Bank Ltd."
GBBD85,"Garima Debenture 2085"
GBBL,"Garima Bikas Bank Limited"
GBBLPO,"Garima Bikas Bank Limited Promoter Share"
GBD80/81,"10.25% Global IME Bank Ltd. Debenture 2080/81"
GBILD86/87,"Global IME Bank Limited Debenture 2086/87"
GBIME,"Global IME Bank Limited"
GBIMEP,"Global IME Bank Ltd. Promoter Share"
GBLBS,"Grameen Bikas Laghubitta Bittiya Sanstha Ltd."
GBLBSP,"Grameen Bikas Laghubitta Bittiya Sanstha Ltd. Promoter Share"
GCIL,"Ghorahi Cement Industry Limited"
GDBL,"Gandaki Bikas Bank Limited"
GDBL1,"Gandaki Bikas Banklimited"
GDBLPO,"Gandaki Bikas Bank Limited Promoter Share"
GDBNL,"Gurkha Development Bank Limited"
GFCL,"Goodwill Finance Limited"
GFCLPO,"Goodwill Finance Co. Ltd. Promoter Share"
GFL,"General Finance Ltd."
GFLK,"Gorkha Finance Ltd."
GFLKPO,"Gorkha Finance Limited Promoter Share"
GFLPO,"General Finance Limited Promoter Share"
GGBSL,"Ghodighoda Laghubitta Bittiya Sanstha Ltd."
GHL,"Ghalemdi Hydro Limited"
GIBF1,"Global IME Balanced Fund-1"
GIC,"General Insurance Company Nepal Ltd"
GILB,"Global IME Laghubitta Bittiya Sanstha Ltd."
GILBPO,"Global IME Laghubitta Bittiya Sanstha Ltd. Promoter Share"
GIMES1,"Global IME Samunnat Scheme-1"
GLBSL,"Gurans Laghubitta Bittiya Sanstha Limited"
GLH,"Greenlife Hydropower Limited"
GLICL,"Gurans Life Insurance Company Ltd."
GLICLP,"Guras Life Insurance Company Ltd. Promoter Share"
GMFBS,"Ganapati Laghubitta Bittiya Sanstha Limited"
GMFIL,"Guheshowori Merchant Bank & Finance Co. Ltd."
GMFILP,"Guheyshwori Merchant & Finance Ltd. Promoter Share"
GRAND,"Grand Bank Nepal Limited"
GRANDP,"Grand Bank Limited Promoter Share"
GRDBL,"Green Development Bank Ltd."
GRDBLP,"Green Development Bank Ltd. Promoter Share"
GRU,"Gorakhkali Rubber Udhyog Limited"
GSDBL,"Gaurishankar Development Bank Ltd."
GSDBLP,"Gaurishankar Development Bank Ltd. Promoter Share"
GUFL,"Gurkhas Finance Ltd."
GUFLPO,"Gurkhas Finance Ltd. Promoter Share"
GULMI,"Gulmi Bikas Bank Ltd."
GVL,"Green Ventures Limited"
GWFD83,"12 % Goodwill Finance Limited Debenture 2083"
H8020,"Himalayan 80-20"
HAMA,"Hama Merchant & Finance Ltd."
HAMAPO,"Hama Merchant & Finance Ltd. Promoter Share"
HAMRO,"Hamro Bikas Bank Ltd."
HAMROP,"Hamro Bikas Bank Ltd. Promoter Share"
HATH,"Hathway Finance Company Limited"
HATHPO,"Hathway Finance Company Limited Promoter Share"
HATHY,"Hathway Investment Nepal Limited"
HBDL,"H&B Development Bank"
HBDLPO,"H&B Development Bank Promoter Share"
HBL,"Himalayan Bank Limited"
HBLD83,"10% Himalayan Bank Debenture 2083"
HBLPO,"Himalayan Bank Ltd. Promoter"
HBT,"Harisiddhi Brick And Tiles Limited"
HDHPC,"Himal Dolakha Hydropower Company Limited"
HDL,"Himalayan Distillery Limited"
HEI,"Himalayan Everest Insurance Limited"
HEIP,"Himalayan Everest Insurance Limited Promoter"
HFL,"Himalayan Finance Limited (Bittiya Sanstha)"
HGI,"Himalayan Gen.Insurance Co.Ltd."
HGIC,"Himalyan General Insurance Co."
HGIPO,"Himalayan General Insurance Co. Ltd Promoter Share"
HHL,"Himalayan Hydropower Limited"
HIDCL,"Hydorelectricity Investment And Development Company Ltd"
HIDCLP,"Hydorelectricity Investment And Development Company Limited Promoter"
HLBSL,"Himalayan Laghubitta Bittiya Sanstha Limited"
HLI,"Himalayan Life Insurance Limited"
HPPL,"Himalayan Power Partner Ltd."
HRL,"Himalayan Reinsurance Limited"
HTL,"Himgiri Textile Industries Limited"
HURJA,"Himalaya Urja Bikas Company Limited"
ICFC,"Icfc Finance Limited"
ICFCD83,"12% Icfc Finance Limited Debenture 2083"
ICFCPO,"Icfc Finance Limited Promoter Share"
IDBL,"Infrastructure Development Bank Ltd."
IDBLPO,"Infrastructure Development Bank Limited Promoter Share"
IFIL,"Imperial Financial Inst. Ltd."
IGI,"IGI Prudential insurance Limited"
IGIPO,"IGI Prudential insurance Limited. Promoter Share"
IHL,"Ingwa Hydropower Limited"
ILBS,"Infinity Laghubitta Bittiya Sanstha Limited"
ILBSP,"Infinity Laghubitta Bittiya Sanstha Limited Promoter Share"
ILFC,"International Leasing & Finance Co. Ltd."
ILI,"IME Life Insurance Company Limited"
IMEFI,"Ime Financial Institution"
IMEFIP,"Ime Financial Institution Promoter Share"
INDB,"Innovative Development Bank Ltd."
INDBL,"International Development Bank Ltd"
JALPA,"Jalpa Samudayik Laghubitta Bittiya Sanstha Limited"
JBBL,"Jyoti Bikas Bank Limited"
JBBLPO,"Jyoti Bikash Bank Ltd. Promoter Share"
JBLB,"Jeevan Bikas Laghubitta Bittya Sanstha Ltd"
JBLBP,"Jeevan Bikas Laghubitta Laghubitta Bittya Sanstha Ltd Promoter"
JBNL,"Janata Bank Nepal Ltd."
JBNLPO,"Janata Bank Nepal Ltd. Promoter Share"
JEFL,"Jebils Finance Ltd."
JEFLPO,"Jebils Finance Ltd. Promoter Share"
JFL,"Janaki Finance Company Limited"
JFLPO,"Janaki Finance Limited Promoter Share"
JHBL,"Jhimruk Bikas Bank Ltd."
JLI,"Jyoti Life Insurance Company Limited"
JOSHI,"Joshi Hydropower Development Company Ltd"
JSLBB,"Janautthan Samudayic Laghubitta Bittya Sanstha Limited"
JSLBBP,"Janautthan Samudayic Laghubitta Laghubitta Bittiya Sanstha Limited Promoter Share"
JSM,"Jyoti Sinning Mills Limited"
KADBL,"Kanchan Development Bank Limited"
KADBLP,"Kanchan Development Bank Limited Promoter Share"
KAFIL,"Kaski Finance Limited"
KAFILP,"Kaski Finanace Ltd. Promoter"
KBBL,"Kailash Bikas Bank Ltd."
KBBLPO,"Kailash Bikas Bank Ltd. Promoter Share"
KBL,"Kumari Bank Limited"
KBLD86,"10.25% Kbl Debenture 2086"
KBLPO,"Kumari Bank Limited Promotor Share"
KBSH,"Kutheli Bukhari Small Hydropower Limited"
KCDBL,"Kalinchowk Development Bank Ltd."
KDBL,"Kasthamandap Development Bank Limited"
KDBLPO,"Kasthamandap Dev. Bank Ltd Promoter Share"
KDBY,"Kumari Dhanabriddhi Yojana"
KDL,"Kalinchowk Darshan Limited"
KEBL,"Kabeli Bikas Bank Limited"
KEF,"Kumari Equity Fund"
KFLPO,"Kathmandu Finance Ltd. Promoter Share"
KHDBL,"Khandbari Development Bank Ltd"
KIST,"Kist Merchant Banking & Finance Lt"
KISTPO,"Kist Bank Limited Promoter Share"
KKBL,"Kakre Bihar Bikash Bank Ltd"
KKHC,"Khanikhola Hydropower Co. Ltd."
KLBS,"Khaptad Laghubitta Bittiya Sanstha Limited"
KLBSL,"Kisan Lagubitta Bittiya Sanstha Limited"
KLBSLP,"Kisan Laghubitta Laghubitta Bittya Sanstha Limited Promoter Share"
KMBL,"Kamana Bikas Bank Limited"
KMBLPO,"Kamana Bikas Bank Limited Promoter Share"
KMBSL,"Kuber Merchant Bittya Sanstha Ltd."
KMCDB,"Kalika Laghubitta Bittiya Sanstha Ltd"
KMCDBP,"Kalika Microcredit Development Bank Ltd. Promoter Share"
KMFL,"Kisan Microfinance Bittiya Sanstha Ltd."
KNBL,"Kankai Bikas Bank Ltd."
KNBLPO,"Kankai Bikas Bank Ltd. Promoter Share"
KPCL,"Kalika Power Company Ltd"
KRBL,"Karnali Development Bank Limited"
KRBLPO,"Karnali Development Bank Limited Promoter Share"
KSBBL,"Kamana Sewa Bikas Bank Limited"
KSBBLP,"Kamana Sewa Bikas Bank Limited Promoter Share"
KSLY,"Kumari Sunaulo Lagani Yojana"
LBBL,"Lumbini Bikas Bank Ltd."
LBBLPO,"Lumbini Bikas Bank Ltd. Promoter Share"
LBFIL,"Lord Buddha Finance Limited"
LBLD86,"10% Laxmi Bank Debenture 2086"
LBLD88,"8.5% Laxmi Bank Debenture 2088"
LBLPO,"Laxmi Bank Limited Promoter Share"
LEC,"Liberty Energy Company Limited"
LEMF,"Laxmi Equity Fund"
LFC,"Lalitpur Finance Ltd."
LFCPO,"Lalitpur Finance Co. Ltd. Promoter Share"
LFLC,"Lumbini Finance Ltd."
LFLCPO,"Lumbini Finance Ltd Promoter Share"
LGIL,"Lumbini General Insurance Co. Ltd."
LGILPO,"Lumbini General Insurance Co. Ltd. Promoter Share"
LICN,"Life Insurance Corporation (Nepal) Limited"
LLBS,"Laxmi Laghubitta Bittiya Sanstha Ltd."
LSL,"Laxmi Sunrise Bank Limited"
LUBL,"Lumbini Bank Limited"
LUBLPO,"Lumbini Bank Limited Promotor Share"
LUK,"Laxmi Capital Market Limited"
LVF1,"Laxmi Value Fund-1"
LVF2,"Laxmi Value Fund 2"
MAKAR,"Makar Jitumaya Suri Hydropower Limited"
MANDU,"Mandu Hydropower Limited"
MBBL,"Mahakali Bikas Bank Limited"
MBBLPO,"Mahakali Bikas Bank Ltd. Promoter"
MBJC,"Madhya Bhotekoshi Jalavidyut Company Limited"
MBL,"Machhapuchhre Bank Limited"
MBLD2085,"10.25% Machhapuchhre Bank Debenture 2085"
MBLPO,"Machhapuchhre Bank Limited Promotor Share"
MCHL,"Menchhiyam Hydropower Limited"
MDB,"Miteri Development Bank Limited"
MDBL,"Malika Bikas Bank Limited"
MDBLPO,"Malika Development Bank Limited Promoter Share"
MDBPO,"Miteri Development Bank Ltd. Promoter Share"
MEGA,"Mega Bank Nepal Ltd."
MEGAPO,"Mega Bank Nepal Ltd. Promoter Share"
MEHL,"Manakamana Engineering Hydropower Limited"
MEL,"Modi Energy Limited"
MEN,"Mountain Energy Nepal Limited"
MERO,"Mero Microfinance Bittiya Sanstha Ltd."
MEROPO,"Mero Microfinance Bittiya Sanstha Ltd. Promoter Share"
METRO,"Metro Development Bank Limited"
MFIL,"Manjushree Finance Ltd."
MFILPO,"Manjushree Finance Ltd. Promoter Share"
MFL,"Maha Laxmi Finance Ltd."
MFLD85,"9.5% Manjushree Finance Limited Debenture 2085"
MFLPO,"Maha Laxmi Finance Co. Ltd. Promoter Share"
MGBL,"Madhyamanchal Gramin Development Bank Ltd."
MHCL,"Molung Hydropower Company Limited"
MHL,"Mandakini Hydropower Limited"
MHNL,"Mountain Hydro Nepal Limited"
MIDBL,"Mission Development Bank Ltd."
MIDBLP,"Mission Development Bank Ltd. Promoter Share"
MKCL,"Muktinath Krishi Company Limited"
MKDBL,"Manakamana Development Bank Limited"
MKHC,"Maya Khola Hydropower Company Limited"
MKHL,"Mai Khola Hydropower Limited"
MKJC,"Mailung Khola Jal Vidhyut Company Limited"
MKLB,"Manakamana Smart Laghubitta Bittiya Sanstha Limited"
MLBBL,"Mithila Laghubitta Bittiya Sanstha Limited"
MLBBLP,"Mithila Laghubitta Bikas Bank Ltd. Promoter Share"
MLBL,"Mahalaxmi Bikas Bank Ltd."
MLBL1,"Mahalaxmi Bikasbank Limited"
MLBLPO,"Mahalxmi Bikas Bank Ltd. Promotor Share"
MLBS,"Manushi Laghubitta Bittiya Sanstha Limited"
MLBSL,"Mahila Lagubitta Bittiya Sanstha Limited"
MMDBL,"Mount Makalu Development Bank Ltd."
MMF1,"Mega Mutual Fund -1"
MMFDB,"Mirmire Laghubitta Bittya Sanstha Limited"
MMFDBP,"Mirmire Microfinance Development Bank Ltd. Promoter Share"
MMKJL,"Mathillo Mailun Khola Jalvidhyut Limited"
MNBBL,"Muktinath Bikas Bank Ltd."
MNBBLP,"Muktinath Bikas Bank Ltd. Promoter Share"
MPFL,"Multipurpose Finance Company Limited"
MPFLPO,"Multipurpose Finance Company Limited Promoter Share"
MSBBL,"Manaslu Bikas Bank Ltd."
MSHL,"Mid Solu Hydropower Limited"
MSLB,"Mahuli Laghubitta Bittiya Sanstha Limited"
MSLBP,"Mahuli Samudayik Laghubitta Bittiya Sanstha Ltd Promoter Share"
MSM,"Morang Sugar Mills Limited"
MSMBS,"Mahila Sahayatra Microfinance Bittiya Sanstha Ltd."
MTBL,"Matribhumi Development Bank Ltd."
NABB,"Nepal Aawas Finance Limited"
NABBC,"Narayani Development Bank Limited"
NABBCP,"Narayani Development Bank Limited Promoter"
NABBPO,"Nepal Aawas Finance Limited Promoter Share"
NABIL,"Nabil Bank Limited"
NABILP,"Nabil Bank Limited Promotor Share"
NADDF,"Nic Asia Debt Fund"
NADEP,"Nadep Laghubittiya Bittya Sanstha Ltd."
NAGRO,"Nepal Agro Laghubitta Bittiya Sanstha Limited"
NBB,"Nepal Bangladesh Bank Limited"
NBBD2085,"10.25% Nbbl Debenture 2085"
NBBL,"Nagbeli Laghubitta Bikas Bank Ltd."
NBBLPO,"Nagbeli Laghubitta Bikas Bank Ltd. Promoter Share"
NBBPO,"Nepal Bangladesh Bank Limited Promoter Share"
NBBU,"Nepal Bitumin And Barrel Udhyog Limited"
NBCK,"Nepal Byapar Bikash Company(Koshi) Limited"
NBF1,"Nabil Balance Fund 1"
NBF2,"Nabil Balanced Fund-2"
NBF3,"Nabil Balanced Fund-3"
NBFL,"Nepal Bangladesh Finance & Leasing Co. Ltd."
NBILPO,"Nb Insurance Co. Ltd. Promoter Share"
NBL,"Nepal Bank Limited"
NBLD82,"10% Nabil Debenture 2082"
NBLD85,"Nabil Debenture 2085"
NBLD87,"8.5% Nepal Bank Debenture 2087"
NBSL,"Namaste Bittiya Sanstha Ltd."
NCCB,"Nepal Credit And Commercial Bank Limited"
NCCBPO,"Nepal Credit & Commercial Bank Ltd. Promoter Share"
NCCD86,"9.5% Ncc Debenture 2086"
NCDB,"Nepal Community Development Bank Ltd."
NCDBL,"Nepal Consumer Development Bank Ltd."
NCDBPO,"Nepal Community Development Bank Ltd. Promoter Share"
NCM,"Nidc Capital Markets Ltd."
NCMMF,"Ncm Mutual Fund"
NCMPO,"Nidc Capital Markets Ltd. Promoter Share"
NDB,"Nepal Development Bank Limited"
NDBPO,"Nepal Development Bank Limited Promoter Share"
NDEP,"Ndep Development Bank"
NDFL,"Nava Durga Finance Co. Ltd."
NEF,"Nabil Equity Fund"
NEFL,"Nepal Express Finance Ltd."
NEFLPO,"Nepal Express Finance Limited Promoter Share"
NESDO,"Nesdo Sambridha Laghubitta Bittiya Sanstha Limited"
NFC,"National Finance Co. Ltd"
NFCF,"Nabil Flexi Cap Fund"
NFD,"Nepal Film Development Company Limited"
NFL,"Narayani Finance Ltd."
NFS,"Nepal Finance Ltd."
NFSPO,"Nepal Finance Ltd. Promoter Share"
NGBBL,"Nepal Grameen Bikas Bank Ltd."
NGBBLP,"Nepal Grameen Bikas Bank Ltd.-P"
NGBL,"Nilgiri Bikas Bank Limited"
NGPL,"Ngadi Group Power Ltd."
NHDL,"Nepal Hydro Developers Ltd."
NHMF,"Nepal Housing & Merchant Finance Ltd."
NHMFPO,"Nepal Housing & Merchant Co. Ltd. Promoter Share"
NHPC,"National Hydro Power Company Limited"
NIB,"Nepal Investment Bank Limited"
NIBD2082,"10.5 % Nepal Investment Debenture 2082"
NIBD84,"8.5% Nepal Investment Bank Debenture 2084"
NIBLGF,"NIBL Growth Fund"
NIBLPF,"Nibl Pragati Fund"
NIBLSF,"Nibl Sahabhagita Fund"
NIBPO,"Nepal Investment Bank Ltd. Promoter Share"
NIBSF1,"Nibl Samriddhi Fund 1"
NIBSF2,"Nibl Samriddhi Fund -2"
NICA,"Nic Asia Bank Ltd."
NICAD8182,"Nic Asia Debenture 2081/82"
NICAD8283,"11% Nic Asia Debenture 082/83"
NICAP,"Nic Asia Bank Limted Promoter Share"
NICB,"Nepal Ind & Commerc.Bank"
NICBF,"Nic Asia Balanced Fund"
NICD83/84,"10.25% Nic Asia Debenture 2083/84"
NICFC,"Nic Asia Flexi Cap Fund"
NICGF,"Nic Asia Growth Fund"
NICL,"Nepal Insurance Co. Ltd."
NICLBSL,"Nic Asia Laghubitta Bittiya Sanstha Limited"
NICLBSLP,"Nic Asia Laghubitta bittya Sanstha Limited Promoter Share"
NICLPO,"Nepal Insurance Co. Ltd Promoter Share"
NICSF,"Nic Asia Select Fund 30"
NIDC,"Nidc Development Bank Ltd."
NIFRA,"Nepal Infrastructure Bank Limited"
NIFRAUR85/86,"NIFRA Uraj Rinpatra7%-2085/86"
NIL,"Neco Insurance Limited"
NILPO,"Neco Insurace Co. Ltd. Promoter"
NIMB,"Nepal Investment Mega Bank Limited"
NIMBPO,"Nepal Investment Mega Bank Ltd. Promoter Share"
NKU,"Nepal Khadya Udhyog Limited"
NLBBL,"Nerude Laghubitta Bittiya Sanstha Limited"
NLBBLP,"Nerude Laghubita Bikas Bank Limited Promoter Share"
NLG,"Nlg Insurance Company Ltd."
NLGPO,"Nlg Insurance Company Ltd. Promoter Share"
NLIC,"Nepal Life Insurance Co. Ltd."
NLICL,"National Life Insurance Co. Ltd."
NLICLP,"National Life Insurance Co. Ltd. Promoter Share"
NLICP,"Nepal Life Insurance Co. Ltd. Promoter"
NLO,"Nepal Lube Oil Limited"
NMB,"Nmb Bank Limited"
NMB50,"Nmb 50"
NMBD2085,"10 % Nmb Debenture 2085"
NMBD87/88,"Nmb Debenture 8.50% - 2087/88"
NMBHF1,"Nmb Hybrid Fund L-1"
NMBMF,"Nmb Microfinance Bittiya Sanstha Ltd."
NMBPO,"Nmb Bank Limited Promoter Share"
NMBSBF,"NMB Saral Bachat Fund - E"
NMBSBFE,"Nmb Saral Bachat Fund E"
NMBSF1,"Nmb Sulav Investment Fund-1"
NMFBS,"National Microfinance Laghubitta Bittiya Sanstha Limited"
NMFBSP,"National Microfinance Laghubitta Bittiya Sanstha Limited Promoter Share"
NNFC,"Narayani National Finance Limited"
NNFCPO,"Narayani National Finance Company Limited Promoter Share"
NNLB,"Naya Nepal Laghubitta Bikas Bank Ltd."
NNLBPO,"Naya Nepal Laghubitta Bikas Bank Ltd. Promoter Share"
NRIC,"Nepal Reinsurance Company Limited"
NRICP,"Nepal Reinsurance Company Limited Promoter Share"
NRM,"Nepal Republic Media Limited"
NRN,"Nrn Infrastructure And Development Limited"
NSIF2,"NMB Sulav Investment Fund - 2"
NSLB,"Naya Sarathi Laghubitta Bittiya Sanstha Limited"
NSLBP,"Naya Sarathi Laghubitta Bittiya Sanstha Limited Promoter Share"
NSLMB,"Nepal Shree Lanka Merchant Banking & Finance Ltd"
NSM,"Nepal Share Markets Ltd."
NSMPO,"Nepal Share Markets Limited Promoter Share"
NTC,"Nepal Doorsanchar Company Limited"
NTL,"Nepal Tading Limited"
NUBL,"Nirdhan Utthan Laghubitta Bittiya Sanstha Limited"
NUBLPO,"Nirdhan Utthan Bank Limited Promoter Share"
NVG,"Nepal Vanaspati Ghee Udhyog Limited"
NWC,"Nepal Welfare Company Limited"
NWCL,"Nepal Warehousing Company Limited"
NYADI,"Nyadi Hydropower Limited"
ODBL,"Om Development Bank Ltd."
ODBLPO,"Om Development Bank Ltd. Promoter Share"
OFL,"Om Finance Ltd."
OFLPO,"Om Finance Limited Promoter Share"
OHL,"Oriental Hotels Limited"
PADBL,"Pacific Development Bank Limited"
PADBLP,"Pacific Development Bank Ltd. Promoter Share"
PBD85,"8.75 % Prime Debenture 2085"
PBD88,"10% Prime Debenture 2088"
PBLD84,"10% Prabhu Bank Debenture 2084"
PBLD86,"10.25% Prabhu Bank Debenture 2086"
PBLD87,"8.5% Prabhu Bank Debenture 2087"
PBSL,"Pathibhara Bikas Bank Limited"
PCBL,"Prime Commercial Bank Ltd."
PCBLP,"Prime Commercial Bank Promoter Share"
PDB,"Public Development Bank Limited"
PDBL,"Paschimanchal Bikash Bank Limited"
PDBLPO,"Paschimanchal Bikash Bank Ltd. Promoter Share"
PFC,"Paschimanchal Finance Co. Ltd."
PFCL,"Peoples Finance Ltd."
PFCLL,"Premier Finance Co. Ltd."
PFCLPO,"Peoples Finance Limited Promoter Share"
PFCPO,"Paschimanchal Finance Co. Ltd. Promoter Share"
PFIL,"Prudential Finance Company Limited"
PFILPO,"Prudential Finance Co. Ltd. Promoter Share"
PFL,"Pokhara Finance Ltd."
PFLBS,"Patan Finance Limited"
PFLBSP,"Patan Finance Limited Promoter Share"
PFLPO,"Pokhara Finance Company Limited Promoter Share"
PGBL,"Purwanchal Grameen Bikash Bank Limited"
PHCL,"Peoples Hydropower Company Limited"
PIC,"Premier Insurance Company (Nepal) Limited"
PICL,"Prudential Insurance Co. Ltd."
PICLPO,"Prudential Insurance Co. Ltd. Promoter Share"
PICPO,"Premier Insurance Co. Ltd. Promoter Share"
PLI,"Prabhu Life Insurance Limited"
PLIC,"Prime Life Insurance Company Limited"
PLICPO,"Prime Life Insurance Company Limited Promoter Share"
PMHPL,"Panchakanya Mai Hydropower Ltd"
PMLI,"Prabhu Mahalaxmi Life Insurance Limited"
PPCL,"Panchthar Power Compant Limited"
PPL,"People'S Power Limited"
PRBBL,"Prabhu Bikas Bank Limited"
PRBL,"Professional Bikas Bank Ltd."
PRDBL,"Professional Diyalo Bikas Bank Ltd."
PRDBLP,"Professional Diyalo Bikas Bank Ltd. Promoter Share"
PRFLPO,"Prabhu Finance Ltd. Promoter Share"
PRIN,"Prabhu Insurance Ltd."
PRINPO,"Prabhu Insurance Company Ltd. Promoter Share"
PROFL,"Progressive Finance Limited"
PROFLP,"Progressive Finance Limited Promoter Share"
PRSF,"Prabhu Smart Fund"
PRVU,"Prabhu Bank Limited"
PRVUPO,"Prabhu Bank Limited Promoter Share"
PSF,"Prabhu Select Fund"
PURBL,"Purnima Bikash Bank Ltd."
PURBLP,"Purnima Bikash Bank Ltd. Promoter Share"
RADHI,"Radhi Bidyut Company Ltd"
RARA,"Rara Bikas Bank Limited"
RAWA,"Rawa Energy Development Limited"
RBBBL,"Raptibheri Bikas Bank Ltd."
RBCL,"Rastriya Beema Company Limited"
RBCLPO,"Rastriya Beema Company Limited Promoter Share"
RBSL,"Resunga Bikas Bank Limited"
RDBL,"Rising Development Bank Ltd."
REDBL,"Reliable Development Bank Limited"
REDBLP,"Reliable Development Bank Ltd. Promoter Share"
RFPL,"River Falls Power Limited"
RHGCL,"Rapti Hydro And General Construction Limited"
RHPL,"Rasuwagadhi Hydropower Company Limited"
RIBSL,"Reliable Investment Bittiya Sanstha"
RIBSLP,"Reliable Investment Bittiya Sanstha Promoter Share"
RIDI,"Ridi Power Company Limited"
RJM,"Raghupati Jute Mills Limited"
RLFL,"Reliance Finance Ltd."
RLFLPO,"Reliance Finance Ltd. Promoter Share"
RLI,"Reliance Life Insurance Limited"
RMBFI,"Royal Merchant Bank & Finance Co. Ltd."
RMBFPO,"Royal Merchant Bank & Finance Co. Ltd. Promoter Share"
RMDC,"Rmdc Laghubitta Bittiya Sanstha Ltd."
RMDCPO,"Rural Microfinance Development Centre Ltd. Promoter Share"
RMF1,"Rbb Mutual Fund 1"
RMF2,"RBB Mutual Fund 2"
RMFL,"Reliable Microfinance Bittya Sanstha Ltd."
RNLI,"Reliable Nepal Life Insurance Limited"
RRHP,"Rairang Hydropower Development Company Ltd."
RSDC,"Rsdc Laghubitta Bittiya Sanstha Ltd."
RSDCP,"Rsdc Laghubitta Bittiya Sanstha Ltd. Promoter Share"
RULB,"Rastra Utthan Laghubitta Sanstha Limited"
RURU,"Ru Ru Jalbidhyut Pariyojana Limited"
SABSL,"Sabaiko Laghubitta Bittiya Sanstha Limited"
SABSLP,"Sabaiko Laghubitta Bittiya Sanstha Limited Promoter Share"
SADBL,"Shangrila Development Bank Ltd."
SADBLP,"Shangrila Development Bank Ltd. Promoter Share"
SAEF,"Sanima Equity Fund"
SAFL,"Sagarmatha Finance Limited"
SAFLPO,"Sagarmatha Finance Limited Promoter Share"
SAGF,"Sanima Growth Fund"
SAHAS,"Sahas Urja Limited"
SAJHA,"Sajha Bikas Bank Ltd."
SALICO,"Sagarmatha Lumbini Insurance Co. Limited"
SAMAJ,"Samaj Laghubittya Bittiya Sanstha Limited"
SAND2085,"Sanima Bank Limited Debenture"
SANIMA,"Sanima Bank Limited"
SAPDBL,"Saptakoshi Development Bank Ltd"
SAPDBLP,"Saptakoshi Development Bank Ltd Promoter Share"
SBBL,"Sanima Bikas Bank Limited"
SBBLJ,"Sahayogi Bikas Bank Limited"
SBBLJP,"Sahayogi Bikas Bank Ltd. Promoter Share"
SBCF,"Sunrise Bluechip Fund"
SBD87,"8.5% Sanima Debenture 2087"
SBI,"Nepal Sbi Bank Limited"
SBIBD86,"10% Nepal Sbi Bank Debenture 2086"
SBID83,"10.25% Nepal Sbi Bank Debenture 2083"
SBL,"Siddhartha Bank Limited"
SBLD2082,"10.50% Sbl Debenture 2082"
SBLD83,"10.25% Sbl Debenture 2083"
SBLD84,"8.5% Sbl Debenture 2084"
SBLPO,"Siddhartha Bank Limited Promoter Share"
SBPP,"Shree Bhrikuti Pulp And Paper Limited"
SBSL,"Shikhar Finance Limited"
SCB,"Standard Chartered Bank Limited"
SDBD87,"Shangri-La Development Bank Debenture 2087"
SDBL,"Siddhartha Development Bank Ltd."
SDBLPO,"Siddhartha Development Bank Limited Promoter Share"
SDESI,"Swadeshi Laghubitta Bittiya Sanstha Ltd."
SDFL,"Suryadarshan Finance Company Limited"
SDLBSL,"Sadhana Laghubitta Bittiya Sanstha Limited"
SEF,"Siddhartha Equity Fund"
SEOS,"Siddhartha Equity Orineted Scheme"
SETI,"Seti Finance Limited"
SETIPO,"Seti Finance Ltd. Promoter Share"
SEWA,"Sewa Bikas Bank Limited"
SEWAPO,"Sewa Bikas Bank Ltd. Promoter Share"
SFC,"Samjhana Finance Co. Ltd."
SFCL,"Samriddhi Finance Company Limited"
SFCLP,"Samriddhi Finance Company Limited Promoter Share"
SFCPO,"Samjhana Finance Co. Ltd. Promoter Share"
SFEF,"Sunrise Focused Equity Fund"
SFFIL,"Shrijana Finance (Bittaya Sanstha)"
SFFILP,"Shrijana Finance Ltd. Promoter Share"
SFL,"Siddharth Finance Ltd."
SFLPO,"Siddhartha Finance Ltd. Promoter Share"
SFMF,"Sunrise First Mutual Fund"
SGHC,"Swet-Ganga Hydropower & Construction Limited"
SGI,"Sanima General Insurance Limited"
SGIC,"Sanima GIC Insurance Limited"
SHBL,"Sahara Bikas Bank Ltd."
SHEL,"Singati Hydro Energy Limited"
SHINE,"Shine Resunga Development Bank Ltd."
SHINEP,"Shine Resunga Development Bank Ltd. Promoter Share"
SHIVM,"Shivam Cements Ltd"
SHL,"Soaltee Hotel Limited"
SHLB,"Shrijanshil Laghubitta Bittiya Sanstha Limited"
SHPC,"Sanima Mai Hydropower Ltd."
SIC,"Sagarmatha Insurance Co. Ltd."
SICL,"Shikhar Insurance Co. Ltd."
SICLPO,"Shikhar Insurance Co. Ltd. Promoter Share"
SICPO,"Sagarmatha Insurance Co. Ltd. Promoter Share"
SIFC,"Shree Investment Finance Co. Ltd."
SIFCPO,"Shree Investment & Finance Co. Ltd. Promoter Share"
SIGS1,"Siddhartha Investment Growth Scheme-1"
SIGS2,"Siddhartha Investment Growth Scheme - 2"
SIGS3,"Siddhartha Investment Growth Scheme 3"
SIKLES,"Sikles Hydropower Limited"
SIL,"Siddhartha Insurance Ltd."
SILPO,"Siddhartha Insurance Ltd. Promoter Share"
SINDU,"Sindhu Bikash Bank Ltd"
SINDUP,"Sindhu Bikas Bank Ltd. Promoter Share"
SJCL,"Sanjen Jalavidhyut Company Limited"
SJLIC,"Suryajyoti Life Insurance Company Limited"
SJLICP,"SuryaJyoti Life Insurance Company Limited Promoter"
SKBBL,"Sana Kisan Bikas Laghubitta Bittiya Sanstha Limited"
SKBBLP,"Sana Kisan Bikas Bank Ltd. Promoter Share"
SKDBL,"Saptakoshi Development Bank Ltd."
SLBBL,"Swarojgar Laghu Bitta Bikas Bank Ltd."
SLBBLP,"Swarojgar Laghu Bitta Bikas Bank Ltd. Promoter Share"
SLBS,"Suryodaya Laghubitta Bittiya Sanstha Ltd."
SLBSL,"Samudayik Laghubitta Bittiya Sanstha Limited"
SLBSP,"Suryodaya Womi Laghubitta Bittiya Sanstha Limited Promoter Share"
SLCF,"Sanima Large Cap Fund"
SLFL,"Subha Laxmi Finance Co. Ltd."
SLI,"Sanima Life Insurance Limited"
SLICL,"Surya Life Insurance Company Limited"
SLICLP,"Surya Life Insurance Co. Ltd. Promoter Share"
SLK,"Subha Laxmi Kosh"
SMATA,"Samata Gharelu Laghubitta Bittiya Sanstha Limited"
SMB,"Support Microfinance Bittiya Sanstha Ltd."
SMBF,"Sagarmatha Merchant Banking And Finance Ltd."
SMBPO,"Support Microfinance Bittiya Sanstha Ltd. Promoter Share"
SMF,"Swastik Merchant Finance Co. Ltd."
SMFBS,"Swabhimaan Laghubitta Bittiya Sanstha Limited"
SMFDB,"Summit Laghubitta Bittiya Sanstha Limited"
SMFDBP,"Summit Micro Finance Development Bank Ltd. Promoter Share"
SMH,"Super Mai Hydropower Limited"
SMHL,"Super Madi Hydropower Limited"
SMJC,"Sagarmatha Jalabidhyut Company Limited"
SNLI,"Sun Nepal Life Insurance Company Limited"
SNMAPO,"Sanima Bank Ltd. Promoter Share"
SODBL,"Society Development Bank Ltd."
SONA,"Sonapur Minerals And Oil Limited"
SPARS,"Sparsha Laghubitta Bittiya Sanstha Limited"
SPC,"Samling Power Company Limited"
SPDL,"Synergy Power Development Ltd."
SPHL,"Sayapatri Hydropower Limited"
SPIL,"Siddhartha Premier Insurance Limited"
SPILPO,"Siddhartha Premier Insurance Limited Promoter Share"
SPL,"Shuvam Power Limited"
SRBL,"Sunrise Bank Limited"
SRBLD83,"10.25% Sunrise Bank Debenture 2083"
SRBLPO,"Sunrise Bank Ltd Promoter Share"
SRD80,"10% Sunrise Debenture 2080"
SRLI,"Sanima Reliance Life Insurance Limited"
SRS,"Shree Ram Sugar Mills Limited"
SSHL,"Shiva Shree Hydropower Ltd"
SSIS,"Siddhartha Systematic Investment Scheme"
STC,"Salt Trading Corporation"
STFL,"Standard Finance Ltd."
STFLPO,"Standard Finance Limited Promoter Share"
SUBBL,"Subhechha Bikas Bank Limited"
SUBBLP,"Subhechha Bikas Bank Ltd. Promoter Share"
SUPRME,"Supreme Development Bank Ltd."
SUPRMP,"Supreme Development Bank Ltd. Promoter Share"
SWBBL,"Swabalamban Laghubitta Bittiya Sanstha Limited"
SWBBLP,"Swabalamban Bikas Bank Limited Promoter Share"
SWMF,"Suryodaya Womi Laghubitta Bittiya Sanstha Limited"
SWMFPO,"Suryodaya Womi Laghubitta Bittiya Sanstha Limited Promoter Share"
SYFL,"Synergy Finance Ltd."
SYFLPO,"Synergy Finance Ltd. Promoter Share"
TAMOR,"Sanima Middle Tamor Hydropower Limited"
TBBL,"Triveni Bikas Bank Limited"
TBBLP,"Triveni Bikas Bank Ltd Promoter Share"
TDBL,"Tourism Development Bank Limited"
TDBLPO,"Tourism Development Bank Ltd. Promoter Share"
TMDBL,"Tinau Mission Development Bank Limited"
TMDBLP,"Tinau Mission Development Bank Limited Promoter Share"
TNBL,"Tinau Development Bank Limited"
TNBLPO,"Tinau Development Bank Ltd. Promoter Share"
TPC,"Terhathum Power Company Limited"
TRH,"Taragaon Regency Hotel Limited"
TSHL,"Three Star Hydropower Limited"
TVCL,"Trishuli Jal Vidhyut Company Limited"
UAIL,"United Ajod Insurance Limited"
UBBL,"Udhyam Bikas Bank Limited"
UFCL,"Union Finance Co. Ltd."
UFCLPO,"Union Finance Co. Ltd. Promoter Share"
UFIL,"Unique Finance Ltd."
UFILPO,"Unique Finance Ltd. Promoter Share"
UFL,"United Finance Ltd."
UFLK,"Universal Finance Ltd."
UFLKPO,"Universal Finance Limited Promoter Share"
UFLPO,"United Finance Company Limited Promoter Share"
UHEWA,"Upper Hewakhola Hydropower Company Limited"
UIC,"United Insurance Co. (Nepal) Ltd."
UICPO,"United Insurance Co. (Nepal) Ltd. Promoter Share"
ULBSL,"Upakar Laghubitta Bittiya Sanstha Limited"
ULHC,"Upper Lohore Khola Hydropower Company Limited"
ULI,"Union Life Insurance Company Limited"
UMB,"Unnati Micorfinance Bittiya Sanstha Ltd."
UMHL,"United Modi Hydropower Ltd."
UMRH,"United Idi Mardi Rb Hydropower Limited"
UNHPL,"Union Hydropower Limited"
UNL,"Unilever Nepal Limited"
UNLB,"Unique Nepal Laghubitta Bittiya Sanstha Limited"
UPCL,"Universal Power Company Ltd"
UPPER,"Upper Tamakoshi Hydropower Ltd"
USHEC,"Upper Solu Hydro Electric Company Limited"
USHL,"Upper Syange Hydropower Limited"
USLB,"Unnati Sahakarya Laghubitta Bittiya Sanstha Limited"
VBBL,"Vibor Bikas Bank Limited"
VFL,"Valley Finance Limited"
VLBS,"Vijaya Laghubitta Bittiya Sanstha Ltd."
VLBSPO,"Vijaya Laghubitta Bittiya Sanstha Ltd. Promoter Share"
VLUCL,"Vision Lumbini Urja Company Limited"
VSDBL,"Vibor Society Development Bank Limited"
VSDBLP,"Vibor Society Development Bank Limited Promoter Share"
WDBL,"Western Development Bank Limited"
WDBLPO,"Western Development Bank Limited Promoter Share"
WMBFL,"World Merchant Banking & Finance Ltd."
WNLB,"Wean Nepal Laghubitta Bittiya Sansthan Limited"
WOMI,"Womi Microfinance Bittiya Sansthan Limited"
WOMIPO,"Womi Microfinance Bittiya Sansthan Ltd. Promoter Share"
YETI,"Yeti Development Bank Limited"
YETIPO,"Yeti Development Bank Promoter Share"
YFL,"Yeti Finance Ltd."
YFLPO,"Yeti Finance Ltd. Promoter Share"
YHL,"Yak And Yeti Hotel Limited"
ZFL,"Zenith Finance Limited"
SARBTM,"Sarbottam Cement Limited"
NICGF2,"NIC ASIA Growth Fund-2"
CITPO,"Citizen Investment Trust Promoter Share"
EBLD85,"10.50% Everest Bank Limited Debenture 2085"
HBLD86,"Himalayan Bank Limited Bond, 2086"
HLIPO,"Himalayan Life Insurance Limited"
JBBD87,"Jyoti Bikash Bank Bond 2087"
KBLD89,"11% KBL Debenture 2089"
KSBBLD87,"9% Kamana Sewa Bikas Bank Limited Debenture 2087"
MBLD87,"8.5% Machhapuchchhre Debenture 2087"
NICGF2,"NIC ASIA Growth Fund-2"
PMLIP,"Prabhu Mahalaxmi Life Insurance Limited Promoter Share"
SALICOPO,"Sagarmatha Lumbini Insurance Co. Limited Promoter Share"
SBID89,"9% Nepal SBI Bank Rinpatra 2089"
SDLBSLP,"Sadhana Laghubitta Bittiya Sanstha Limited Promoter Shares"
SMATAP,"Samata Gharelu Laghubitta Bittiya Sanstha Limited Promoter"
LBL,"Laxmi Bank Limited"
NMLBBL,"Nerude Mirmire Laghubitta Bittiya Sanstha Limited"
LBBLD89,"11% L.B.B.L. Debenture 2089"
LSLPO,"Laxmi Sunrise Bank Limited Promoter Share"
MLBLD89,"11% Mahalaxmi Debenture 2089"
MND84/85,"Muktinath Debenture 2084/85"
NABILD87,"9% Nabil Debenture 2087"
NICAD 85/86,"10% NIC Asia Debenture 2085/86"
NICAD85/86,"10% NIC Asia Debenture 2085/86"
NICD88,"NIC ASIA Rinpatra 2088"
NIFRAP,"Nepal Infrastructure Bank Limited Promoter"
NIMBD90,"10% NIMB Debenture 2090"
RBBD83,"8.5% RBBL Debenture 2083"
SBLD89,"10.75% SBL Debenture 2089"
SCBD,"10.30% Standard Chartered Bank Limited Debenture"
KSY,"Kumari Sabal Yojana"
CIZBD90,"10% Citizens Bank Debenture"
NADEPP,"Nadep Laghubitta Bittiya Sanstha Ltd. Promoter Share"
NIBLSTF,"NIBL Stable Fund"
USLBP,"Unnati Sahakarya Laghubitta Bittiya Sanstha Limited Promoter Share"
SMPDA,"Sampada Laghubitta Bittiya Sanstha Limited"
BOKD86KA,"BOK Debenture 2086 \"KA\""
GBILD84/85,"Global IME Bank Debenture, 2084/85"
KBLD89,"11% KBL Debenture 2089"
MATRI,"Matribhumi Lagubitta Bittiya Sanstha Limited"
NMBD89/90,"NMB Debenture 10.75%-2089/90"
PBD84,"10.15% Prime Debenture 2084"
SBD89,"10.25% Sanima Debenture 2089"
GMLI,"Guardian Micro Life Insurance Limited"
MNMF1,"Muktinath Mutual Fund 1"
GSY,"Garima Samriddhi Yojana"
UAILPO,"United Ajod Insurance Limited Promoter Share"
NMIC,"Nepal Micro Insurance Company Limited"
SANFLF,"Sanima Flexi Fund"
MBLEF,"MBL Equity Fund"
RSY,"Reliable Samriddhi Yojana"
